psnr,ssim,lee,nai,input_psnr,identity_drop,over,under,height,high_path,key,low_path,pred_path,width
27.730274200439453,0.9609661102294922,0.07591578364372253,2.6260695457458496,8.057144165039062,19.67313003540039,0.0013699001865461469,0.0006374783115461469,384,/home/user/a1_rlef_project/data/LOL-v2/Synthetic/Test/Normal/r00816405t.png,r00816405t,/home/user/a1_rlef_project/data/LOL-v2/Synthetic/Test/Low/r00816405t.png,/home/user/a1_rlef_project/experiments/p4_official_baselines/retinexformer/results/LOL_v2_synthetic/RetinexFormer_LOL_v2_synthetic/LOL_v2_synthetic/r00816405t.png,384
25.126523971557617,0.9013173580169678,0.15998265147209167,3.1284234523773193,10.488981246948242,14.637542724609375,4.747178900288418e-05,2.4866174499038607e-05,384,/home/user/a1_rlef_project/data/LOL-v2/Synthetic/Test/Normal/r00869422t.png,r00869422t,/home/user/a1_rlef_project/data/LOL-v2/Synthetic/Test/Low/r00869422t.png,/home/user/a1_rlef_project/experiments/p4_official_baselines/retinexformer/results/LOL_v2_synthetic/RetinexFormer_LOL_v2_synthetic/LOL_v2_synthetic/r00869422t.png,384
26.34516716003418,0.9364438056945801,0.08471521735191345,2.918424129486084,7.05291748046875,19.29224967956543,2.260561359435087e-06,7.007740350672975e-05,384,/home/user/a1_rlef_project/data/LOL-v2/Synthetic/Test/Normal/r00879054t.png,r00879054t,/home/user/a1_rlef_project/data/LOL-v2/Synthetic/Test/Low/r00879054t.png,/home/user/a1_rlef_project/experiments/p4_official_baselines/retinexformer/results/LOL_v2_synthetic/RetinexFormer_LOL_v2_synthetic/LOL_v2_synthetic/r00879054t.png,384
12.30379581451416,0.8402514457702637,0.48556962609291077,1.2356913089752197,26.53268051147461,-14.22888469696045,0.0,0.0,384,/home/user/a1_rlef_project/data/LOL-v2/Synthetic/Test/Normal/r01058910t.png,r01058910t,/home/user/a1_rlef_project/data/LOL-v2/Synthetic/Test/Low/r01058910t.png,/home/user/a1_rlef_project/experiments/p4_official_baselines/retinexformer/results/LOL_v2_synthetic/RetinexFormer_LOL_v2_synthetic/LOL_v2_synthetic/r01058910t.png,384
26.900768280029297,0.968649685382843,0.06249356269836426,1.9464751482009888,8.236795425415039,18.663972854614258,7.233796350192279e-05,1.582392906129826e-05,384,/home/user/a1_rlef_project/data/LOL-v2/Synthetic/Test/Normal/r01170470t.png,r01170470t,/home/user/a1_rlef_project/data/LOL-v2/Synthetic/Test/Low/r01170470t.png,/home/user/a1_rlef_project/experiments/p4_official_baselines/retinexformer/results/LOL_v2_synthetic/RetinexFormer_LOL_v2_synthetic/LOL_v2_synthetic/r01170470t.png,384
19.963396072387695,0.9319007992744446,0.22271974384784698,1.2738293409347534,12.613774299621582,7.349621772766113,0.0016140408115461469,0.003483525011688471,384,/home/user/a1_rlef_project/data/LOL-v2/Synthetic/Test/Normal/r01474187t.png,r01474187t,/home/user/a1_rlef_project/data/LOL-v2/Synthetic/Test/Low/r01474187t.png,/home/user/a1_rlef_project/experiments/p4_official_baselines/retinexformer/results/LOL_v2_synthetic/RetinexFormer_LOL_v2_synthetic/LOL_v2_synthetic/r01474187t.png,384
28.97037124633789,0.9687081575393677,0.03051426075398922,1.6234891414642334,8.535048484802246,20.435321807861328,6.103515625e-05,0.0002509223122615367,384,/home/user/a1_rlef_project/data/LOL-v2/Synthetic/Test/Normal/r0150031ft.png,r0150031ft,/home/user/a1_rlef_project/data/LOL-v2/Synthetic/Test/Low/r0150031ft.png,/home/user/a1_rlef_project/experiments/p4_official_baselines/retinexformer/results/LOL_v2_synthetic/RetinexFormer_LOL_v2_synthetic/LOL_v2_synthetic/r0150031ft.png,384
31.01972770690918,0.9178321957588196,0.15483415126800537,1.8718513250350952,14.674030303955078,16.3456974029541,0.00026448568678461015,0.008413809351623058,384,/home/user/a1_rlef_project/data/LOL-v2/Synthetic/Test/Normal/r01559391t.png,r01559391t,/home/user/a1_rlef_project/data/LOL-v2/Synthetic/Test/Low/r01559391t.png,/home/user/a1_rlef_project/experiments/p4_official_baselines/retinexformer/results/LOL_v2_synthetic/RetinexFormer_LOL_v2_synthetic/LOL_v2_synthetic/r01559391t.png,384
29.00558090209961,0.9262457489967346,0.048709191381931305,2.830761432647705,8.250516891479492,20.755064010620117,0.0006510416860692203,0.0,384,/home/user/a1_rlef_project/data/LOL-v2/Synthetic/Test/Normal/r02189767t.png,r02189767t,/home/user/a1_rlef_project/data/LOL-v2/Synthetic/Test/Low/r02189767t.png,/home/user/a1_rlef_project/experiments/p4_official_baselines/retinexformer/results/LOL_v2_synthetic/RetinexFormer_LOL_v2_synthetic/LOL_v2_synthetic/r02189767t.png,384
26.908092498779297,0.8862996697425842,0.08893871307373047,6.829680919647217,9.832611083984375,17.075481414794922,0.006112557835876942,9.042245073942468e-05,384,/home/user/a1_rlef_project/data/LOL-v2/Synthetic/Test/Normal/r02354285t.png,r02354285t,/home/user/a1_rlef_project/data/LOL-v2/Synthetic/Test/Low/r02354285t.png,/home/user/a1_rlef_project/experiments/p4_official_baselines/retinexformer/results/LOL_v2_synthetic/RetinexFormer_LOL_v2_synthetic/LOL_v2_synthetic/r02354285t.png,384
30.761154174804688,0.9577134251594543,0.03444262221455574,3.1865737438201904,7.501233100891113,23.25992202758789,0.00021927444322500378,1.8084490875480697e-05,384,/home/user/a1_rlef_project/data/LOL-v2/Synthetic/Test/Normal/r02508493t.png,r02508493t,/home/user/a1_rlef_project/data/LOL-v2/Synthetic/Test/Low/r02508493t.png,/home/user/a1_rlef_project/experiments/p4_official_baselines/retinexformer/results/LOL_v2_synthetic/RetinexFormer_LOL_v2_synthetic/LOL_v2_synthetic/r02508493t.png,384
29.52224349975586,0.9751238822937012,0.043630555272102356,1.313545823097229,10.645633697509766,18.876609802246094,0.00016276042151730508,5.6514032621635124e-05,384,/home/user/a1_rlef_project/data/LOL-v2/Synthetic/Test/Normal/r0287344at.png,r0287344at,/home/user/a1_rlef_project/data/LOL-v2/Synthetic/Test/Low/r0287344at.png,/home/user/a1_rlef_project/experiments/p4_official_baselines/retinexformer/results/LOL_v2_synthetic/RetinexFormer_LOL_v2_synthetic/LOL_v2_synthetic/r0287344at.png,384
15.936607360839844,0.9049663543701172,0.29703059792518616,2.0082972049713135,7.524269104003906,8.412338256835938,2.260561268485617e-05,4.521122718870174e-06,384,/home/user/a1_rlef_project/data/LOL-v2/Synthetic/Test/Normal/r02897203t.png,r02897203t,/home/user/a1_rlef_project/data/LOL-v2/Synthetic/Test/Low/r02897203t.png,/home/user/a1_rlef_project/experiments/p4_official_baselines/retinexformer/results/LOL_v2_synthetic/RetinexFormer_LOL_v2_synthetic/LOL_v2_synthetic/r02897203t.png,384
17.242143630981445,0.856425940990448,0.2284799963235855,1.8872339725494385,7.203365325927734,10.038778305053711,8.590133074903861e-05,0.00041820385376922786,384,/home/user/a1_rlef_project/data/LOL-v2/Synthetic/Test/Normal/r03193652t.png,r03193652t,/home/user/a1_rlef_project/data/LOL-v2/Synthetic/Test/Low/r03193652t.png,/home/user/a1_rlef_project/experiments/p4_official_baselines/retinexformer/results/LOL_v2_synthetic/RetinexFormer_LOL_v2_synthetic/LOL_v2_synthetic/r03193652t.png,384
21.631744384765625,0.9332899451255798,0.15350545942783356,2.111238479614258,6.651000022888184,14.980744361877441,0.0803290456533432,0.0,384,/home/user/a1_rlef_project/data/LOL-v2/Synthetic/Test/Normal/r0341853dt.png,r0341853dt,/home/user/a1_rlef_project/data/LOL-v2/Synthetic/Test/Low/r0341853dt.png,/home/user/a1_rlef_project/experiments/p4_official_baselines/retinexformer/results/LOL_v2_synthetic/RetinexFormer_LOL_v2_synthetic/LOL_v2_synthetic/r0341853dt.png,384
36.61083984375,0.9662620425224304,0.05203615501523018,1.8201344013214111,16.8972225189209,19.7136173248291,6.781684078305261e-06,0.0050523546524345875,384,/home/user/a1_rlef_project/data/LOL-v2/Synthetic/Test/Normal/r0372042dt.png,r0372042dt,/home/user/a1_rlef_project/data/LOL-v2/Synthetic/Test/Low/r0372042dt.png,/home/user/a1_rlef_project/experiments/p4_official_baselines/retinexformer/results/LOL_v2_synthetic/RetinexFormer_LOL_v2_synthetic/LOL_v2_synthetic/r0372042dt.png,384
32.45562744140625,0.9682245850563049,0.02727770246565342,2.9697651863098145,7.449389457702637,25.006237030029297,4.2950665374519303e-05,0.0,384,/home/user/a1_rlef_project/data/LOL-v2/Synthetic/Test/Normal/r04317453t.png,r04317453t,/home/user/a1_rlef_project/data/LOL-v2/Synthetic/Test/Low/r04317453t.png,/home/user/a1_rlef_project/experiments/p4_official_baselines/retinexformer/results/LOL_v2_synthetic/RetinexFormer_LOL_v2_synthetic/LOL_v2_synthetic/r04317453t.png,384
30.02077293395996,0.9685790538787842,0.02375984936952591,2.193148136138916,7.546932220458984,22.473840713500977,0.0003729926247615367,7.007740350672975e-05,384,/home/user/a1_rlef_project/data/LOL-v2/Synthetic/Test/Normal/r0465565ct.png,r0465565ct,/home/user/a1_rlef_project/data/LOL-v2/Synthetic/Test/Low/r0465565ct.png,/home/user/a1_rlef_project/experiments/p4_official_baselines/retinexformer/results/LOL_v2_synthetic/RetinexFormer_LOL_v2_synthetic/LOL_v2_synthetic/r0465565ct.png,384
20.96172523498535,0.90042644739151,0.2442488968372345,1.9991976022720337,14.303672790527344,6.658052444458008,4.521122718870174e-06,0.0,384,/home/user/a1_rlef_project/data/LOL-v2/Synthetic/Test/Normal/r05243256t.png,r05243256t,/home/user/a1_rlef_project/data/LOL-v2/Synthetic/Test/Low/r05243256t.png,/home/user/a1_rlef_project/experiments/p4_official_baselines/retinexformer/results/LOL_v2_synthetic/RetinexFormer_LOL_v2_synthetic/LOL_v2_synthetic/r05243256t.png,384
22.7618408203125,0.9572093486785889,0.08596218377351761,2.093510389328003,7.747317314147949,15.01452350616455,0.001392505830153823,0.0,384,/home/user/a1_rlef_project/data/LOL-v2/Synthetic/Test/Normal/r05772356t.png,r05772356t,/home/user/a1_rlef_project/data/LOL-v2/Synthetic/Test/Low/r05772356t.png,/home/user/a1_rlef_project/experiments/p4_official_baselines/retinexformer/results/LOL_v2_synthetic/RetinexFormer_LOL_v2_synthetic/LOL_v2_synthetic/r05772356t.png,384
23.491600036621094,0.9370824098587036,0.13992303609848022,1.8609970808029175,13.170377731323242,10.321222305297852,0.0,0.0011280201142653823,384,/home/user/a1_rlef_project/data/LOL-v2/Synthetic/Test/Normal/r05839451t.png,r05839451t,/home/user/a1_rlef_project/data/LOL-v2/Synthetic/Test/Low/r05839451t.png,/home/user/a1_rlef_project/experiments/p4_official_baselines/retinexformer/results/LOL_v2_synthetic/RetinexFormer_LOL_v2_synthetic/LOL_v2_synthetic/r05839451t.png,384
28.260406494140625,0.949838399887085,0.11673549562692642,2.0538926124572754,10.216607093811035,18.043800354003906,0.0011054144706577063,0.0,384,/home/user/a1_rlef_project/data/LOL-v2/Synthetic/Test/Normal/r0589558at.png,r0589558at,/home/user/a1_rlef_project/data/LOL-v2/Synthetic/Test/Low/r0589558at.png,/home/user/a1_rlef_project/experiments/p4_official_baselines/retinexformer/results/LOL_v2_synthetic/RetinexFormer_LOL_v2_synthetic/LOL_v2_synthetic/r0589558at.png,384
30.544048309326172,0.924494206905365,0.0777125209569931,2.0188775062561035,10.781429290771484,19.762619018554688,8.138021075865254e-05,0.041323062032461166,384,/home/user/a1_rlef_project/data/LOL-v2/Synthetic/Test/Normal/r0603031et.png,r0603031et,/home/user/a1_rlef_project/data/LOL-v2/Synthetic/Test/Low/r0603031et.png,/home/user/a1_rlef_project/experiments/p4_official_baselines/retinexformer/results/LOL_v2_synthetic/RetinexFormer_LOL_v2_synthetic/LOL_v2_synthetic/r0603031et.png,384
23.209239959716797,0.9093594551086426,0.22900205850601196,3.125445604324341,9.782955169677734,13.426284790039062,0.000341344770276919,2.260561359435087e-06,384,/home/user/a1_rlef_project/data/LOL-v2/Synthetic/Test/Normal/r068812d7t.png,r068812d7t,/home/user/a1_rlef_project/data/LOL-v2/Synthetic/Test/Low/r068812d7t.png,/home/user/a1_rlef_project/experiments/p4_official_baselines/retinexformer/results/LOL_v2_synthetic/RetinexFormer_LOL_v2_synthetic/LOL_v2_synthetic/r068812d7t.png,384
26.325456619262695,0.9743939638137817,0.07743256539106369,2.1044230461120605,8.343255996704102,17.982200622558594,0.0,0.00014467592700384557,384,/home/user/a1_rlef_project/data/LOL-v2/Synthetic/Test/Normal/r0703243bt.png,r0703243bt,/home/user/a1_rlef_project/data/LOL-v2/Synthetic/Test/Low/r0703243bt.png,/home/user/a1_rlef_project/experiments/p4_official_baselines/retinexformer/results/LOL_v2_synthetic/RetinexFormer_LOL_v2_synthetic/LOL_v2_synthetic/r0703243bt.png,384
21.619823455810547,0.8956748843193054,0.224867045879364,2.4003121852874756,10.621500968933105,10.998322486877441,0.00360107421875,0.00044080946827307343,384,/home/user/a1_rlef_project/data/LOL-v2/Synthetic/Test/Normal/r0708431at.png,r0708431at,/home/user/a1_rlef_project/data/LOL-v2/Synthetic/Test/Low/r0708431at.png,/home/user/a1_rlef_project/experiments/p4_official_baselines/retinexformer/results/LOL_v2_synthetic/RetinexFormer_LOL_v2_synthetic/LOL_v2_synthetic/r0708431at.png,384
25.656776428222656,0.929550290107727,0.09876047074794769,1.7120131254196167,10.59520149230957,15.061574935913086,0.0,0.0002622251049615443,384,/home/user/a1_rlef_project/data/LOL-v2/Synthetic/Test/Normal/r072421a1t.png,r072421a1t,/home/user/a1_rlef_project/data/LOL-v2/Synthetic/Test/Low/r072421a1t.png,/home/user/a1_rlef_project/experiments/p4_official_baselines/retinexformer/results/LOL_v2_synthetic/RetinexFormer_LOL_v2_synthetic/LOL_v2_synthetic/r072421a1t.png,384
21.479366302490234,0.9279694557189941,0.22988390922546387,2.7327404022216797,11.377240180969238,10.102126121520996,4.521122718870174e-06,0.0,384,/home/user/a1_rlef_project/data/LOL-v2/Synthetic/Test/Normal/r072649fdt.png,r072649fdt,/home/user/a1_rlef_project/data/LOL-v2/Synthetic/Test/Low/r072649fdt.png,/home/user/a1_rlef_project/experiments/p4_official_baselines/retinexformer/results/LOL_v2_synthetic/RetinexFormer_LOL_v2_synthetic/LOL_v2_synthetic/r072649fdt.png,384
22.230939865112305,0.905044436454773,0.16118013858795166,2.9636263847351074,6.992038726806641,15.238901138305664,0.0005018446245230734,0.000244140625,384,/home/user/a1_rlef_project/data/LOL-v2/Synthetic/Test/Normal/r07598392t.png,r07598392t,/home/user/a1_rlef_project/data/LOL-v2/Synthetic/Test/Low/r07598392t.png,/home/user/a1_rlef_project/experiments/p4_official_baselines/retinexformer/results/LOL_v2_synthetic/RetinexFormer_LOL_v2_synthetic/LOL_v2_synthetic/r07598392t.png,384
28.985292434692383,0.9610427021980286,0.049085572361946106,2.545210123062134,10.799598693847656,18.185693740844727,0.0,0.00012885199976153672,384,/home/user/a1_rlef_project/data/LOL-v2/Synthetic/Test/Normal/r0773471dt.png,r0773471dt,/home/user/a1_rlef_project/data/LOL-v2/Synthetic/Test/Low/r0773471dt.png,/home/user/a1_rlef_project/experiments/p4_official_baselines/retinexformer/results/LOL_v2_synthetic/RetinexFormer_LOL_v2_synthetic/LOL_v2_synthetic/r0773471dt.png,384
28.902263641357422,0.9408010840415955,0.09126251190900803,2.6439146995544434,11.260564804077148,17.641698837280273,2.7126736313221045e-05,0.00012433087977115065,384,/home/user/a1_rlef_project/data/LOL-v2/Synthetic/Test/Normal/r077507cat.png,r077507cat,/home/user/a1_rlef_project/data/LOL-v2/Synthetic/Test/Low/r077507cat.png,/home/user/a1_rlef_project/experiments/p4_official_baselines/retinexformer/results/LOL_v2_synthetic/RetinexFormer_LOL_v2_synthetic/LOL_v2_synthetic/r077507cat.png,384
26.07834243774414,0.9394458532333374,0.08884616941213608,2.8537580966949463,10.992278099060059,15.086064338684082,1.1302806342428084e-05,4.521122536971234e-05,384,/home/user/a1_rlef_project/data/LOL-v2/Synthetic/Test/Normal/r08079988t.png,r08079988t,/home/user/a1_rlef_project/data/LOL-v2/Synthetic/Test/Low/r08079988t.png,/home/user/a1_rlef_project/experiments/p4_official_baselines/retinexformer/results/LOL_v2_synthetic/RetinexFormer_LOL_v2_synthetic/LOL_v2_synthetic/r08079988t.png,384
25.221084594726562,0.8757591247558594,0.1325737088918686,2.452183723449707,8.697389602661133,16.52369499206543,0.1000230610370636,0.0,384,/home/user/a1_rlef_project/data/LOL-v2/Synthetic/Test/Normal/r0809811bt.png,r0809811bt,/home/user/a1_rlef_project/data/LOL-v2/Synthetic/Test/Low/r0809811bt.png,/home/user/a1_rlef_project/experiments/p4_official_baselines/retinexformer/results/LOL_v2_synthetic/RetinexFormer_LOL_v2_synthetic/LOL_v2_synthetic/r0809811bt.png,384
24.046070098876953,0.8889599442481995,0.125972718000412,1.7218319177627563,9.283125877380371,14.762944221496582,0.00016728154150769114,0.00031647857395000756,384,/home/user/a1_rlef_project/data/LOL-v2/Synthetic/Test/Normal/r082626aft.png,r082626aft,/home/user/a1_rlef_project/data/LOL-v2/Synthetic/Test/Low/r082626aft.png,/home/user/a1_rlef_project/experiments/p4_official_baselines/retinexformer/results/LOL_v2_synthetic/RetinexFormer_LOL_v2_synthetic/LOL_v2_synthetic/r082626aft.png,384
28.861053466796875,0.9694316387176514,0.047164082527160645,1.497205376625061,8.368876457214355,20.492176055908203,0.0,6.781684078305261e-06,384,/home/user/a1_rlef_project/data/LOL-v2/Synthetic/Test/Normal/r084889d5t.png,r084889d5t,/home/user/a1_rlef_project/data/LOL-v2/Synthetic/Test/Low/r084889d5t.png,/home/user/a1_rlef_project/experiments/p4_official_baselines/retinexformer/results/LOL_v2_synthetic/RetinexFormer_LOL_v2_synthetic/LOL_v2_synthetic/r084889d5t.png,384
31.36463165283203,0.9551363587379456,0.042433951050043106,1.1192326545715332,25.143619537353516,6.221012115478516,0.0007640697294846177,0.14452673494815826,384,/home/user/a1_rlef_project/data/LOL-v2/Synthetic/Test/Normal/r08788547t.png,r08788547t,/home/user/a1_rlef_project/data/LOL-v2/Synthetic/Test/Low/r08788547t.png,/home/user/a1_rlef_project/experiments/p4_official_baselines/retinexformer/results/LOL_v2_synthetic/RetinexFormer_LOL_v2_synthetic/LOL_v2_synthetic/r08788547t.png,384
31.2344970703125,0.9467107057571411,0.09696205705404282,1.8498709201812744,13.795557975769043,17.43893814086914,0.0,0.0017428927822038531,384,/home/user/a1_rlef_project/data/LOL-v2/Synthetic/Test/Normal/r08873591t.png,r08873591t,/home/user/a1_rlef_project/data/LOL-v2/Synthetic/Test/Low/r08873591t.png,/home/user/a1_rlef_project/experiments/p4_official_baselines/retinexformer/results/LOL_v2_synthetic/RetinexFormer_LOL_v2_synthetic/LOL_v2_synthetic/r08873591t.png,384
32.009056091308594,0.984686017036438,0.04942687228322029,1.4626516103744507,18.829120635986328,13.179935455322266,4.521122718870174e-06,0.00014693649427499622,384,/home/user/a1_rlef_project/data/LOL-v2/Synthetic/Test/Normal/r08996953t.png,r08996953t,/home/user/a1_rlef_project/data/LOL-v2/Synthetic/Test/Low/r08996953t.png,/home/user/a1_rlef_project/experiments/p4_official_baselines/retinexformer/results/LOL_v2_synthetic/RetinexFormer_LOL_v2_synthetic/LOL_v2_synthetic/r08996953t.png,384
31.12314224243164,0.948595404624939,0.029700955376029015,6.12075662612915,7.286958694458008,23.836183547973633,4.9732348998077214e-05,0.0,384,/home/user/a1_rlef_project/data/LOL-v2/Synthetic/Test/Normal/r0905697bt.png,r0905697bt,/home/user/a1_rlef_project/data/LOL-v2/Synthetic/Test/Low/r0905697bt.png,/home/user/a1_rlef_project/experiments/p4_official_baselines/retinexformer/results/LOL_v2_synthetic/RetinexFormer_LOL_v2_synthetic/LOL_v2_synthetic/r0905697bt.png,384
30.247804641723633,0.8868837952613831,0.05685550719499588,1.9056156873703003,13.109220504760742,17.13858413696289,0.0012229636777192354,0.0025001808535307646,384,/home/user/a1_rlef_project/data/LOL-v2/Synthetic/Test/Normal/r09245347t.png,r09245347t,/home/user/a1_rlef_project/data/LOL-v2/Synthetic/Test/Low/r09245347t.png,/home/user/a1_rlef_project/experiments/p4_official_baselines/retinexformer/results/LOL_v2_synthetic/RetinexFormer_LOL_v2_synthetic/LOL_v2_synthetic/r09245347t.png,384
27.317916870117188,0.9740467667579651,0.05633141100406647,1.7617932558059692,7.705175876617432,19.612741470336914,0.0,0.0,384,/home/user/a1_rlef_project/data/LOL-v2/Synthetic/Test/Normal/r09445479t.png,r09445479t,/home/user/a1_rlef_project/data/LOL-v2/Synthetic/Test/Low/r09445479t.png,/home/user/a1_rlef_project/experiments/p4_official_baselines/retinexformer/results/LOL_v2_synthetic/RetinexFormer_LOL_v2_synthetic/LOL_v2_synthetic/r09445479t.png,384
34.235595703125,0.9850326776504517,0.019750788807868958,1.559859037399292,9.938878059387207,24.29671859741211,4.521122718870174e-06,2.260561268485617e-05,384,/home/user/a1_rlef_project/data/LOL-v2/Synthetic/Test/Normal/r09670876t.png,r09670876t,/home/user/a1_rlef_project/data/LOL-v2/Synthetic/Test/Low/r09670876t.png,/home/user/a1_rlef_project/experiments/p4_official_baselines/retinexformer/results/LOL_v2_synthetic/RetinexFormer_LOL_v2_synthetic/LOL_v2_synthetic/r09670876t.png,384
21.988496780395508,0.9560195803642273,0.171748086810112,2.3756253719329834,11.088637351989746,10.899859428405762,0.0,0.0,384,/home/user/a1_rlef_project/data/LOL-v2/Synthetic/Test/Normal/r096982ddt.png,r096982ddt,/home/user/a1_rlef_project/data/LOL-v2/Synthetic/Test/Low/r096982ddt.png,/home/user/a1_rlef_project/experiments/p4_official_baselines/retinexformer/results/LOL_v2_synthetic/RetinexFormer_LOL_v2_synthetic/LOL_v2_synthetic/r096982ddt.png,384
26.7099609375,0.9432713985443115,0.11417949199676514,2.7343928813934326,11.078161239624023,15.631799697875977,5.8774596254806966e-05,4.747178900288418e-05,384,/home/user/a1_rlef_project/data/LOL-v2/Synthetic/Test/Normal/r097088c1t.png,r097088c1t,/home/user/a1_rlef_project/data/LOL-v2/Synthetic/Test/Low/r097088c1t.png,/home/user/a1_rlef_project/experiments/p4_official_baselines/retinexformer/results/LOL_v2_synthetic/RetinexFormer_LOL_v2_synthetic/LOL_v2_synthetic/r097088c1t.png,384
32.08100128173828,0.9829440116882324,0.04443919286131859,1.8901245594024658,15.240641593933105,16.84035873413086,0.0,2.9387298127403483e-05,384,/home/user/a1_rlef_project/data/LOL-v2/Synthetic/Test/Normal/r097555c4t.png,r097555c4t,/home/user/a1_rlef_project/data/LOL-v2/Synthetic/Test/Low/r097555c4t.png,/home/user/a1_rlef_project/experiments/p4_official_baselines/retinexformer/results/LOL_v2_synthetic/RetinexFormer_LOL_v2_synthetic/LOL_v2_synthetic/r097555c4t.png,384
16.151264190673828,0.9074389338493347,0.28326505422592163,2.50130558013916,13.538949966430664,2.612314224243164,2.260561268485617e-05,1.582392906129826e-05,384,/home/user/a1_rlef_project/data/LOL-v2/Synthetic/Test/Normal/r104153eat.png,r104153eat,/home/user/a1_rlef_project/data/LOL-v2/Synthetic/Test/Low/r104153eat.png,/home/user/a1_rlef_project/experiments/p4_official_baselines/retinexformer/results/LOL_v2_synthetic/RetinexFormer_LOL_v2_synthetic/LOL_v2_synthetic/r104153eat.png,384
22.68942642211914,0.9395773410797119,0.1758364886045456,2.0968830585479736,12.412168502807617,10.277257919311523,5.6514032621635124e-05,2.0345052689663135e-05,384,/home/user/a1_rlef_project/data/LOL-v2/Synthetic/Test/Normal/r107730b5t.png,r107730b5t,/home/user/a1_rlef_project/data/LOL-v2/Synthetic/Test/Low/r107730b5t.png,/home/user/a1_rlef_project/experiments/p4_official_baselines/retinexformer/results/LOL_v2_synthetic/RetinexFormer_LOL_v2_synthetic/LOL_v2_synthetic/r107730b5t.png,384
26.7137508392334,0.9538862705230713,0.09196224808692932,1.7420589923858643,10.888123512268066,15.825627326965332,4.521122718870174e-06,0.0,384,/home/user/a1_rlef_project/data/LOL-v2/Synthetic/Test/Normal/r108301e3t.png,r108301e3t,/home/user/a1_rlef_project/data/LOL-v2/Synthetic/Test/Low/r108301e3t.png,/home/user/a1_rlef_project/experiments/p4_official_baselines/retinexformer/results/LOL_v2_synthetic/RetinexFormer_LOL_v2_synthetic/LOL_v2_synthetic/r108301e3t.png,384
21.843894958496094,0.9148728251457214,0.1378224790096283,1.8359713554382324,10.345277786254883,11.498617172241211,0.0025566949043422937,1.3563368156610522e-05,384,/home/user/a1_rlef_project/data/LOL-v2/Synthetic/Test/Normal/r10893508t.png,r10893508t,/home/user/a1_rlef_project/data/LOL-v2/Synthetic/Test/Low/r10893508t.png,/home/user/a1_rlef_project/experiments/p4_official_baselines/retinexformer/results/LOL_v2_synthetic/RetinexFormer_LOL_v2_synthetic/LOL_v2_synthetic/r10893508t.png,384
22.139652252197266,0.9342566132545471,0.15848010778427124,2.6937613487243652,8.817964553833008,13.321687698364258,5.1992912631249055e-05,6.781684078305261e-06,384,/home/user/a1_rlef_project/data/LOL-v2/Synthetic/Test/Normal/r10940798t.png,r10940798t,/home/user/a1_rlef_project/data/LOL-v2/Synthetic/Test/Low/r10940798t.png,/home/user/a1_rlef_project/experiments/p4_official_baselines/retinexformer/results/LOL_v2_synthetic/RetinexFormer_LOL_v2_synthetic/LOL_v2_synthetic/r10940798t.png,384
30.773714065551758,0.9453380703926086,0.044171929359436035,3.5222201347351074,7.289968490600586,23.483745574951172,0.024194788187742233,0.0,384,/home/user/a1_rlef_project/data/LOL-v2/Synthetic/Test/Normal/r113402d4t.png,r113402d4t,/home/user/a1_rlef_project/data/LOL-v2/Synthetic/Test/Low/r113402d4t.png,/home/user/a1_rlef_project/experiments/p4_official_baselines/retinexformer/results/LOL_v2_synthetic/RetinexFormer_LOL_v2_synthetic/LOL_v2_synthetic/r113402d4t.png,384
24.929481506347656,0.8987787961959839,0.12237152457237244,3.13685941696167,8.581132888793945,16.34834861755371,2.260561359435087e-06,0.0,384,/home/user/a1_rlef_project/data/LOL-v2/Synthetic/Test/Normal/r1148801et.png,r1148801et,/home/user/a1_rlef_project/data/LOL-v2/Synthetic/Test/Low/r1148801et.png,/home/user/a1_rlef_project/experiments/p4_official_baselines/retinexformer/results/LOL_v2_synthetic/RetinexFormer_LOL_v2_synthetic/LOL_v2_synthetic/r1148801et.png,384
27.836591720581055,0.9796937108039856,0.05977369099855423,1.7612329721450806,11.20359992980957,16.632991790771484,2.0345052689663135e-05,2.0345052689663135e-05,384,/home/user/a1_rlef_project/data/LOL-v2/Synthetic/Test/Normal/r116825e2t.png,r116825e2t,/home/user/a1_rlef_project/data/LOL-v2/Synthetic/Test/Low/r116825e2t.png,/home/user/a1_rlef_project/experiments/p4_official_baselines/retinexformer/results/LOL_v2_synthetic/RetinexFormer_LOL_v2_synthetic/LOL_v2_synthetic/r116825e2t.png,384
29.888530731201172,0.9700899720191956,0.02831410989165306,1.9017577171325684,7.353511333465576,22.535018920898438,4.521122718870174e-06,0.0,384,/home/user/a1_rlef_project/data/LOL-v2/Synthetic/Test/Normal/r11850456t.png,r11850456t,/home/user/a1_rlef_project/data/LOL-v2/Synthetic/Test/Low/r11850456t.png,/home/user/a1_rlef_project/experiments/p4_official_baselines/retinexformer/results/LOL_v2_synthetic/RetinexFormer_LOL_v2_synthetic/LOL_v2_synthetic/r11850456t.png,384
30.41886329650879,0.966852068901062,0.02132786251604557,2.5119738578796387,8.726181983947754,21.69268035888672,6.329571624519303e-05,0.0,384,/home/user/a1_rlef_project/data/LOL-v2/Synthetic/Test/Normal/r12133015t.png,r12133015t,/home/user/a1_rlef_project/data/LOL-v2/Synthetic/Test/Low/r12133015t.png,/home/user/a1_rlef_project/experiments/p4_official_baselines/retinexformer/results/LOL_v2_synthetic/RetinexFormer_LOL_v2_synthetic/LOL_v2_synthetic/r12133015t.png,384
31.370285034179688,0.9632388949394226,0.0563410259783268,1.8191543817520142,13.904242515563965,17.466041564941406,0.00021701389050576836,0.0008680555620230734,384,/home/user/a1_rlef_project/data/LOL-v2/Synthetic/Test/Normal/r125034a9t.png,r125034a9t,/home/user/a1_rlef_project/data/LOL-v2/Synthetic/Test/Low/r125034a9t.png,/home/user/a1_rlef_project/experiments/p4_official_baselines/retinexformer/results/LOL_v2_synthetic/RetinexFormer_LOL_v2_synthetic/LOL_v2_synthetic/r125034a9t.png,384
22.45873260498047,0.9462786912918091,0.17196691036224365,2.8487679958343506,9.480081558227539,12.97865104675293,0.005728262476623058,0.0,384,/home/user/a1_rlef_project/data/LOL-v2/Synthetic/Test/Normal/r125442fat.png,r125442fat,/home/user/a1_rlef_project/data/LOL-v2/Synthetic/Test/Low/r125442fat.png,/home/user/a1_rlef_project/experiments/p4_official_baselines/retinexformer/results/LOL_v2_synthetic/RetinexFormer_LOL_v2_synthetic/LOL_v2_synthetic/r125442fat.png,384
31.468658447265625,0.8702129125595093,0.12802672386169434,1.8672009706497192,15.153651237487793,16.315006256103516,0.010602032765746117,0.12273039668798447,384,/home/user/a1_rlef_project/data/LOL-v2/Synthetic/Test/Normal/r127608abt.png,r127608abt,/home/user/a1_rlef_project/data/LOL-v2/Synthetic/Test/Low/r127608abt.png,/home/user/a1_rlef_project/experiments/p4_official_baselines/retinexformer/results/LOL_v2_synthetic/RetinexFormer_LOL_v2_synthetic/LOL_v2_synthetic/r127608abt.png,384
26.52248764038086,0.9336661100387573,0.08424872905015945,1.9773304462432861,10.019498825073242,16.502988815307617,0.0,0.0,384,/home/user/a1_rlef_project/data/LOL-v2/Synthetic/Test/Normal/r12946364t.png,r12946364t,/home/user/a1_rlef_project/data/LOL-v2/Synthetic/Test/Low/r12946364t.png,/home/user/a1_rlef_project/experiments/p4_official_baselines/retinexformer/results/LOL_v2_synthetic/RetinexFormer_LOL_v2_synthetic/LOL_v2_synthetic/r12946364t.png,384
25.41623306274414,0.8691905736923218,0.07881398499011993,1.9898587465286255,8.789050102233887,16.627182006835938,0.009374547749757767,0.00023735893773846328,384,/home/user/a1_rlef_project/data/LOL-v2/Synthetic/Test/Normal/r1301676dt.png,r1301676dt,/home/user/a1_rlef_project/data/LOL-v2/Synthetic/Test/Low/r1301676dt.png,/home/user/a1_rlef_project/experiments/p4_official_baselines/retinexformer/results/LOL_v2_synthetic/RetinexFormer_LOL_v2_synthetic/LOL_v2_synthetic/r1301676dt.png,384
21.589696884155273,0.9323021173477173,0.17479029297828674,1.5766611099243164,10.358447074890137,11.231249809265137,4.521122718870174e-06,0.00021023220324423164,384,/home/user/a1_rlef_project/data/LOL-v2/Synthetic/Test/Normal/r13073518t.png,r13073518t,/home/user/a1_rlef_project/data/LOL-v2/Synthetic/Test/Low/r13073518t.png,/home/user/a1_rlef_project/experiments/p4_official_baselines/retinexformer/results/LOL_v2_synthetic/RetinexFormer_LOL_v2_synthetic/LOL_v2_synthetic/r13073518t.png,384
29.494075775146484,0.9226731061935425,0.038198329508304596,2.607520818710327,7.949626922607422,21.544448852539062,0.09379295259714127,0.0,384,/home/user/a1_rlef_project/data/LOL-v2/Synthetic/Test/Normal/r1372056ct.png,r1372056ct,/home/user/a1_rlef_project/data/LOL-v2/Synthetic/Test/Low/r1372056ct.png,/home/user/a1_rlef_project/experiments/p4_official_baselines/retinexformer/results/LOL_v2_synthetic/RetinexFormer_LOL_v2_synthetic/LOL_v2_synthetic/r1372056ct.png,384
28.155906677246094,0.9614494442939758,0.1081392914056778,1.8234069347381592,15.395256042480469,12.760650634765625,0.0,3.842954174615443e-05,384,/home/user/a1_rlef_project/data/LOL-v2/Synthetic/Test/Normal/r13837601t.png,r13837601t,/home/user/a1_rlef_project/data/LOL-v2/Synthetic/Test/Low/r13837601t.png,/home/user/a1_rlef_project/experiments/p4_official_baselines/retinexformer/results/LOL_v2_synthetic/RetinexFormer_LOL_v2_synthetic/LOL_v2_synthetic/r13837601t.png,384
31.135005950927734,0.9673196077346802,0.038136076182127,1.8404638767242432,6.562705039978027,24.57229995727539,0.0022221317049115896,0.0,384,/home/user/a1_rlef_project/data/LOL-v2/Synthetic/Test/Normal/r13907965t.png,r13907965t,/home/user/a1_rlef_project/data/LOL-v2/Synthetic/Test/Low/r13907965t.png,/home/user/a1_rlef_project/experiments/p4_official_baselines/retinexformer/results/LOL_v2_synthetic/RetinexFormer_LOL_v2_synthetic/LOL_v2_synthetic/r13907965t.png,384
18.05693244934082,0.926578164100647,0.24099813401699066,1.127868413925171,18.27774429321289,-0.2208118438720703,0.00029613354126922786,2.260561359435087e-06,384,/home/user/a1_rlef_project/data/LOL-v2/Synthetic/Test/Normal/r13928401t.png,r13928401t,/home/user/a1_rlef_project/data/LOL-v2/Synthetic/Test/Low/r13928401t.png,/home/user/a1_rlef_project/experiments/p4_official_baselines/retinexformer/results/LOL_v2_synthetic/RetinexFormer_LOL_v2_synthetic/LOL_v2_synthetic/r13928401t.png,384
29.463308334350586,0.9496586918830872,0.04767635464668274,2.019075393676758,9.30594253540039,20.157365798950195,0.0,0.0,384,/home/user/a1_rlef_project/data/LOL-v2/Synthetic/Test/Normal/r141665bdt.png,r141665bdt,/home/user/a1_rlef_project/data/LOL-v2/Synthetic/Test/Low/r141665bdt.png,/home/user/a1_rlef_project/experiments/p4_official_baselines/retinexformer/results/LOL_v2_synthetic/RetinexFormer_LOL_v2_synthetic/LOL_v2_synthetic/r141665bdt.png,384
24.847187042236328,0.7407665848731995,0.21797579526901245,1.0689470767974854,16.629863739013672,8.217323303222656,0.0027398003730922937,7.685908349230886e-05,384,/home/user/a1_rlef_project/data/LOL-v2/Synthetic/Test/Normal/r141669e5t.png,r141669e5t,/home/user/a1_rlef_project/data/LOL-v2/Synthetic/Test/Low/r141669e5t.png,/home/user/a1_rlef_project/experiments/p4_official_baselines/retinexformer/results/LOL_v2_synthetic/RetinexFormer_LOL_v2_synthetic/LOL_v2_synthetic/r141669e5t.png,384
29.795921325683594,0.9210319519042969,0.07005227357149124,2.653324604034424,8.872530937194824,20.923389434814453,3.390842175576836e-05,0.0006691261660307646,384,/home/user/a1_rlef_project/data/LOL-v2/Synthetic/Test/Normal/r1419078bt.png,r1419078bt,/home/user/a1_rlef_project/data/LOL-v2/Synthetic/Test/Low/r1419078bt.png,/home/user/a1_rlef_project/experiments/p4_official_baselines/retinexformer/results/LOL_v2_synthetic/RetinexFormer_LOL_v2_synthetic/LOL_v2_synthetic/r1419078bt.png,384
22.00100326538086,0.9642760157585144,0.14975745975971222,2.725085973739624,7.521792411804199,14.47921085357666,4.521122536971234e-05,1.582392906129826e-05,384,/home/user/a1_rlef_project/data/LOL-v2/Synthetic/Test/Normal/r142335f0t.png,r142335f0t,/home/user/a1_rlef_project/data/LOL-v2/Synthetic/Test/Low/r142335f0t.png,/home/user/a1_rlef_project/experiments/p4_official_baselines/retinexformer/results/LOL_v2_synthetic/RetinexFormer_LOL_v2_synthetic/LOL_v2_synthetic/r142335f0t.png,384
23.146888732910156,0.9489341974258423,0.15881989896297455,1.357313871383667,23.906970977783203,-0.7600822448730469,0.010323983617126942,0.0015801324043422937,384,/home/user/a1_rlef_project/data/LOL-v2/Synthetic/Test/Normal/r142787e2t.png,r142787e2t,/home/user/a1_rlef_project/data/LOL-v2/Synthetic/Test/Low/r142787e2t.png,/home/user/a1_rlef_project/experiments/p4_official_baselines/retinexformer/results/LOL_v2_synthetic/RetinexFormer_LOL_v2_synthetic/LOL_v2_synthetic/r142787e2t.png,384
31.95794677734375,0.9223949909210205,0.037539590150117874,1.7185940742492676,14.333548545837402,17.62439727783203,0.005047833546996117,0.012849031016230583,384,/home/user/a1_rlef_project/data/LOL-v2/Synthetic/Test/Normal/r14289905t.png,r14289905t,/home/user/a1_rlef_project/data/LOL-v2/Synthetic/Test/Low/r14289905t.png,/home/user/a1_rlef_project/experiments/p4_official_baselines/retinexformer/results/LOL_v2_synthetic/RetinexFormer_LOL_v2_synthetic/LOL_v2_synthetic/r14289905t.png,384
13.761347770690918,0.8398823142051697,0.47353479266166687,1.3948992490768433,8.704388618469238,5.05695915222168,4.521122718870174e-06,0.00014693649427499622,384,/home/user/a1_rlef_project/data/LOL-v2/Synthetic/Test/Normal/r145215fft.png,r145215fft,/home/user/a1_rlef_project/data/LOL-v2/Synthetic/Test/Low/r145215fft.png,/home/user/a1_rlef_project/experiments/p4_official_baselines/retinexformer/results/LOL_v2_synthetic/RetinexFormer_LOL_v2_synthetic/LOL_v2_synthetic/r145215fft.png,384
29.592281341552734,0.9529146552085876,0.04226003587245941,1.8170579671859741,10.355772972106934,19.236507415771484,0.0009381329291500151,9.042245437740348e-06,384,/home/user/a1_rlef_project/data/LOL-v2/Synthetic/Test/Normal/r145221d9t.png,r145221d9t,/home/user/a1_rlef_project/data/LOL-v2/Synthetic/Test/Low/r145221d9t.png,/home/user/a1_rlef_project/experiments/p4_official_baselines/retinexformer/results/LOL_v2_synthetic/RetinexFormer_LOL_v2_synthetic/LOL_v2_synthetic/r145221d9t.png,384
27.555477142333984,0.8590846657752991,0.049255117774009705,1.507023811340332,9.038480758666992,18.516996383666992,0.0382215715944767,0.04564525559544563,384,/home/user/a1_rlef_project/data/LOL-v2/Synthetic/Test/Normal/r146771d7t.png,r146771d7t,/home/user/a1_rlef_project/data/LOL-v2/Synthetic/Test/Low/r146771d7t.png,/home/user/a1_rlef_project/experiments/p4_official_baselines/retinexformer/results/LOL_v2_synthetic/RetinexFormer_LOL_v2_synthetic/LOL_v2_synthetic/r146771d7t.png,384
29.003360748291016,0.9557167887687683,0.03558773174881935,1.7635725736618042,8.003711700439453,20.999649047851562,0.00024188005772884935,4.521122718870174e-06,384,/home/user/a1_rlef_project/data/LOL-v2/Synthetic/Test/Normal/r150058a4t.png,r150058a4t,/home/user/a1_rlef_project/data/LOL-v2/Synthetic/Test/Low/r150058a4t.png,/home/user/a1_rlef_project/experiments/p4_official_baselines/retinexformer/results/LOL_v2_synthetic/RetinexFormer_LOL_v2_synthetic/LOL_v2_synthetic/r150058a4t.png,384
31.010128021240234,0.9245797395706177,0.05449381098151207,4.947996616363525,10.156373977661133,20.8537540435791,0.00031873915577307343,0.0,384,/home/user/a1_rlef_project/data/LOL-v2/Synthetic/Test/Normal/r15885978t.png,r15885978t,/home/user/a1_rlef_project/data/LOL-v2/Synthetic/Test/Low/r15885978t.png,/home/user/a1_rlef_project/experiments/p4_official_baselines/retinexformer/results/LOL_v2_synthetic/RetinexFormer_LOL_v2_synthetic/LOL_v2_synthetic/r15885978t.png,384
25.264057159423828,0.9781762361526489,0.12354627996683121,1.3580034971237183,20.550827026367188,4.713230133056641,4.521122718870174e-06,0.0009223090019077063,384,/home/user/a1_rlef_project/data/LOL-v2/Synthetic/Test/Normal/r15919202t.png,r15919202t,/home/user/a1_rlef_project/data/LOL-v2/Synthetic/Test/Low/r15919202t.png,/home/user/a1_rlef_project/experiments/p4_official_baselines/retinexformer/results/LOL_v2_synthetic/RetinexFormer_LOL_v2_synthetic/LOL_v2_synthetic/r15919202t.png,384
25.080631256103516,0.9525062441825867,0.08335921168327332,2.7904179096221924,7.353084087371826,17.72754669189453,0.0003006546467076987,7.233796350192279e-05,384,/home/user/a1_rlef_project/data/LOL-v2/Synthetic/Test/Normal/r1602555bt.png,r1602555bt,/home/user/a1_rlef_project/data/LOL-v2/Synthetic/Test/Low/r1602555bt.png,/home/user/a1_rlef_project/experiments/p4_official_baselines/retinexformer/results/LOL_v2_synthetic/RetinexFormer_LOL_v2_synthetic/LOL_v2_synthetic/r1602555bt.png,384
18.661977767944336,0.9124828577041626,0.16933946311473846,2.831334352493286,7.711745262145996,10.95023250579834,0.0002464011777192354,0.0,384,/home/user/a1_rlef_project/data/LOL-v2/Synthetic/Test/Normal/r163317d6t.png,r163317d6t,/home/user/a1_rlef_project/data/LOL-v2/Synthetic/Test/Low/r163317d6t.png,/home/user/a1_rlef_project/experiments/p4_official_baselines/retinexformer/results/LOL_v2_synthetic/RetinexFormer_LOL_v2_synthetic/LOL_v2_synthetic/r163317d6t.png,384
25.96767807006836,0.9492607116699219,0.1442502737045288,1.816917061805725,11.459637641906738,14.508040428161621,2.0345052689663135e-05,4.521122718870174e-06,384,/home/user/a1_rlef_project/data/LOL-v2/Synthetic/Test/Normal/r163967d4t.png,r163967d4t,/home/user/a1_rlef_project/data/LOL-v2/Synthetic/Test/Low/r163967d4t.png,/home/user/a1_rlef_project/experiments/p4_official_baselines/retinexformer/results/LOL_v2_synthetic/RetinexFormer_LOL_v2_synthetic/LOL_v2_synthetic/r163967d4t.png,384
25.82892608642578,0.9762188196182251,0.06440219283103943,1.1380821466445923,13.693581581115723,12.135344505310059,0.0,1.1302806342428084e-05,384,/home/user/a1_rlef_project/data/LOL-v2/Synthetic/Test/Normal/r16422663t.png,r16422663t,/home/user/a1_rlef_project/data/LOL-v2/Synthetic/Test/Low/r16422663t.png,/home/user/a1_rlef_project/experiments/p4_official_baselines/retinexformer/results/LOL_v2_synthetic/RetinexFormer_LOL_v2_synthetic/LOL_v2_synthetic/r16422663t.png,384
16.752458572387695,0.889667272567749,0.30262547731399536,1.6704593896865845,11.00328540802002,5.749173164367676,0.001209400361403823,2.260561268485617e-05,384,/home/user/a1_rlef_project/data/LOL-v2/Synthetic/Test/Normal/r16509308t.png,r16509308t,/home/user/a1_rlef_project/data/LOL-v2/Synthetic/Test/Low/r16509308t.png,/home/user/a1_rlef_project/experiments/p4_official_baselines/retinexformer/results/LOL_v2_synthetic/RetinexFormer_LOL_v2_synthetic/LOL_v2_synthetic/r16509308t.png,384
22.030012130737305,0.9626635909080505,0.1574905514717102,1.9421813488006592,10.732122421264648,11.297889709472656,2.260561359435087e-06,2.260561359435087e-06,384,/home/user/a1_rlef_project/data/LOL-v2/Synthetic/Test/Normal/r165355c0t.png,r165355c0t,/home/user/a1_rlef_project/data/LOL-v2/Synthetic/Test/Low/r165355c0t.png,/home/user/a1_rlef_project/experiments/p4_official_baselines/retinexformer/results/LOL_v2_synthetic/RetinexFormer_LOL_v2_synthetic/LOL_v2_synthetic/r165355c0t.png,384
22.99419403076172,0.8179436326026917,0.18878807127475739,1.841734528541565,11.301956176757812,11.692237854003906,0.010586208663880825,0.0371365025639534,384,/home/user/a1_rlef_project/data/LOL-v2/Synthetic/Test/Normal/r16654024t.png,r16654024t,/home/user/a1_rlef_project/data/LOL-v2/Synthetic/Test/Low/r16654024t.png,/home/user/a1_rlef_project/experiments/p4_official_baselines/retinexformer/results/LOL_v2_synthetic/RetinexFormer_LOL_v2_synthetic/LOL_v2_synthetic/r16654024t.png,384
26.04507064819336,0.9434357285499573,0.07283001393079758,1.3543896675109863,9.368022918701172,16.677047729492188,0.0006781683769077063,0.0,384,/home/user/a1_rlef_project/data/LOL-v2/Synthetic/Test/Normal/r1683028at.png,r1683028at,/home/user/a1_rlef_project/data/LOL-v2/Synthetic/Test/Low/r1683028at.png,/home/user/a1_rlef_project/experiments/p4_official_baselines/retinexformer/results/LOL_v2_synthetic/RetinexFormer_LOL_v2_synthetic/LOL_v2_synthetic/r1683028at.png,384
14.454984664916992,0.8639994263648987,0.44660821557044983,2.115147829055786,17.211515426635742,-2.75653076171875,0.0,0.0,384,/home/user/a1_rlef_project/data/LOL-v2/Synthetic/Test/Normal/r1694427et.png,r1694427et,/home/user/a1_rlef_project/data/LOL-v2/Synthetic/Test/Low/r1694427et.png,/home/user/a1_rlef_project/experiments/p4_official_baselines/retinexformer/results/LOL_v2_synthetic/RetinexFormer_LOL_v2_synthetic/LOL_v2_synthetic/r1694427et.png,384
27.489784240722656,0.9163071513175964,0.03996072709560394,2.407963275909424,8.386820793151855,19.102962493896484,0.0005651403334923089,0.00029387298854999244,384,/home/user/a1_rlef_project/data/LOL-v2/Synthetic/Test/Normal/r170632f5t.png,r170632f5t,/home/user/a1_rlef_project/data/LOL-v2/Synthetic/Test/Low/r170632f5t.png,/home/user/a1_rlef_project/experiments/p4_official_baselines/retinexformer/results/LOL_v2_synthetic/RetinexFormer_LOL_v2_synthetic/LOL_v2_synthetic/r170632f5t.png,384
29.222766876220703,0.9152090549468994,0.04876432567834854,2.496999502182007,10.08333683013916,19.13943099975586,9.042245437740348e-06,0.0018853081855922937,384,/home/user/a1_rlef_project/data/LOL-v2/Synthetic/Test/Normal/r17217693t.png,r17217693t,/home/user/a1_rlef_project/data/LOL-v2/Synthetic/Test/Low/r17217693t.png,/home/user/a1_rlef_project/experiments/p4_official_baselines/retinexformer/results/LOL_v2_synthetic/RetinexFormer_LOL_v2_synthetic/LOL_v2_synthetic/r17217693t.png,384
14.367452621459961,0.8026204705238342,0.49307122826576233,1.7972055673599243,15.94271469116211,-1.5752620697021484,1.3563368156610522e-05,1.1302806342428084e-05,384,/home/user/a1_rlef_project/data/LOL-v2/Synthetic/Test/Normal/r181768b7t.png,r181768b7t,/home/user/a1_rlef_project/data/LOL-v2/Synthetic/Test/Low/r181768b7t.png,/home/user/a1_rlef_project/experiments/p4_official_baselines/retinexformer/results/LOL_v2_synthetic/RetinexFormer_LOL_v2_synthetic/LOL_v2_synthetic/r181768b7t.png,384
27.446229934692383,0.9744309782981873,0.06373417377471924,1.9243329763412476,6.5334391593933105,20.912790298461914,0.0006374783115461469,0.0,384,/home/user/a1_rlef_project/data/LOL-v2/Synthetic/Test/Normal/r1824034et.png,r1824034et,/home/user/a1_rlef_project/data/LOL-v2/Synthetic/Test/Low/r1824034et.png,/home/user/a1_rlef_project/experiments/p4_official_baselines/retinexformer/results/LOL_v2_synthetic/RetinexFormer_LOL_v2_synthetic/LOL_v2_synthetic/r1824034et.png,384
20.062297821044922,0.913952648639679,0.21220360696315765,1.7928473949432373,7.648573875427246,12.413723945617676,0.002635814482346177,0.000560619228053838,384,/home/user/a1_rlef_project/data/LOL-v2/Synthetic/Test/Normal/r185929e9t.png,r185929e9t,/home/user/a1_rlef_project/data/LOL-v2/Synthetic/Test/Low/r185929e9t.png,/home/user/a1_rlef_project/experiments/p4_official_baselines/retinexformer/results/LOL_v2_synthetic/RetinexFormer_LOL_v2_synthetic/LOL_v2_synthetic/r185929e9t.png,384
20.52982521057129,0.8678297400474548,0.3068598210811615,1.912037968635559,9.444067001342773,11.085758209228516,0.011675799265503883,0.0,384,/home/user/a1_rlef_project/data/LOL-v2/Synthetic/Test/Normal/r18791531t.png,r18791531t,/home/user/a1_rlef_project/data/LOL-v2/Synthetic/Test/Low/r18791531t.png,/home/user/a1_rlef_project/experiments/p4_official_baselines/retinexformer/results/LOL_v2_synthetic/RetinexFormer_LOL_v2_synthetic/LOL_v2_synthetic/r18791531t.png,384
18.20143699645996,0.9199027419090271,0.21127474308013916,1.636438012123108,6.581776142120361,11.619661331176758,0.00013563368702307343,0.0,384,/home/user/a1_rlef_project/data/LOL-v2/Synthetic/Test/Normal/r18798194t.png,r18798194t,/home/user/a1_rlef_project/data/LOL-v2/Synthetic/Test/Low/r18798194t.png,/home/user/a1_rlef_project/experiments/p4_official_baselines/retinexformer/results/LOL_v2_synthetic/RetinexFormer_LOL_v2_synthetic/LOL_v2_synthetic/r18798194t.png,384
23.839643478393555,0.8015628457069397,0.14431169629096985,1.552374005317688,16.82680320739746,7.012840270996094,0.004236292093992233,0.010039152577519417,384,/home/user/a1_rlef_project/data/LOL-v2/Synthetic/Test/Normal/r1889220ft.png,r1889220ft,/home/user/a1_rlef_project/data/LOL-v2/Synthetic/Test/Low/r1889220ft.png,/home/user/a1_rlef_project/experiments/p4_official_baselines/retinexformer/results/LOL_v2_synthetic/RetinexFormer_LOL_v2_synthetic/LOL_v2_synthetic/r1889220ft.png,384
26.389047622680664,0.9540396332740784,0.07867101579904556,1.3427181243896484,12.870025634765625,13.519021987915039,2.9387298127403483e-05,0.0003684714902192354,384,/home/user/a1_rlef_project/data/LOL-v2/Synthetic/Test/Normal/r18990432t.png,r18990432t,/home/user/a1_rlef_project/data/LOL-v2/Synthetic/Test/Low/r18990432t.png,/home/user/a1_rlef_project/experiments/p4_official_baselines/retinexformer/results/LOL_v2_synthetic/RetinexFormer_LOL_v2_synthetic/LOL_v2_synthetic/r18990432t.png,384
29.137226104736328,0.9749545454978943,0.04786917567253113,2.8248162269592285,10.336848258972168,18.800376892089844,0.0,0.0,384,/home/user/a1_rlef_project/data/LOL-v2/Synthetic/Test/Normal/r1904147dt.png,r1904147dt,/home/user/a1_rlef_project/data/LOL-v2/Synthetic/Test/Low/r1904147dt.png,/home/user/a1_rlef_project/experiments/p4_official_baselines/retinexformer/results/LOL_v2_synthetic/RetinexFormer_LOL_v2_synthetic/LOL_v2_synthetic/r1904147dt.png,384
17.36567497253418,0.9575372338294983,0.20100000500679016,1.7066478729248047,9.406757354736328,7.958917617797852,0.00031647857395000756,0.0,384,/home/user/a1_rlef_project/data/LOL-v2/Synthetic/Test/Normal/r191488c6t.png,r191488c6t,/home/user/a1_rlef_project/data/LOL-v2/Synthetic/Test/Low/r191488c6t.png,/home/user/a1_rlef_project/experiments/p4_official_baselines/retinexformer/results/LOL_v2_synthetic/RetinexFormer_LOL_v2_synthetic/LOL_v2_synthetic/r191488c6t.png,384
27.52569580078125,0.9578865766525269,0.05830763280391693,1.6691704988479614,8.24339485168457,19.28230094909668,0.0035400390625,0.0,384,/home/user/a1_rlef_project/data/LOL-v2/Synthetic/Test/Normal/r1915909et.png,r1915909et,/home/user/a1_rlef_project/data/LOL-v2/Synthetic/Test/Low/r1915909et.png,/home/user/a1_rlef_project/experiments/p4_official_baselines/retinexformer/results/LOL_v2_synthetic/RetinexFormer_LOL_v2_synthetic/LOL_v2_synthetic/r1915909et.png,384
27.972732543945312,0.9850745797157288,0.05436451733112335,1.072090744972229,34.43447494506836,-6.461742401123047,2.260561359435087e-06,0.0,384,/home/user/a1_rlef_project/data/LOL-v2/Synthetic/Test/Normal/r19183258t.png,r19183258t,/home/user/a1_rlef_project/data/LOL-v2/Synthetic/Test/Low/r19183258t.png,/home/user/a1_rlef_project/experiments/p4_official_baselines/retinexformer/results/LOL_v2_synthetic/RetinexFormer_LOL_v2_synthetic/LOL_v2_synthetic/r19183258t.png,384
27.67877197265625,0.860395073890686,0.03385583683848381,1.5018543004989624,10.848422050476074,16.83034896850586,0.07707835733890533,0.0,384,/home/user/a1_rlef_project/data/LOL-v2/Synthetic/Test/Normal/r197770adt.png,r197770adt,/home/user/a1_rlef_project/data/LOL-v2/Synthetic/Test/Low/r197770adt.png,/home/user/a1_rlef_project/experiments/p4_official_baselines/retinexformer/results/LOL_v2_synthetic/RetinexFormer_LOL_v2_synthetic/LOL_v2_synthetic/r197770adt.png,384
